"corso_codice","corso_descrizione","scuola_long","annopubblicazione","p_fuoriregione","p_laureatiincorso","p_esperienzaestero","p_soddisfatti","p_soddisfatti_italia","p_lavorano","p_lavorano_italia","p_studiano","p_studiano_italia","annoaccademico","immatricolabile","url","campus","sededidattica","scuola","tipologia","durata","internazionale","internazionale_titolo","internazionale_lingua","lingue","accesso"
0,"Giurisprudenza","Giurisprudenza",2017,2,2,2,2,2,2,2,2,2,"2016/2017","True","http:...","Bologna","Bologna","Giurisprudenza","Scuola",0,"img/graduate.svg","","","","" 
1,"Scienze","Scienze",2017,2,2,2,2,2,2,2,2,2,"2016/2017","True","http:...","Bologna","Bologna","Scienze","Scuola",0,"img/flask.svg","","","",""
2,"Farmacia, Biotecnologie e Scienze motorie","Farmacia, Biotecnologie e Scienze motorie",2017,2,2,2,2,2,2,2,2,2,"2016/2017","True","http:...","Bologna","Bologna","Farmacia, Biotecnologie e Scienze motorie","Scuola",0,"img/book.svg","","","",""
3,"Economia, Management e Statistica","Economia, Management e Statistica",2017,2,2,2,2,2,2,2,2,2,"2016/2017","True","http:...","Bologna","Bologna","Economia, Management e Statistica","Scuola",0,"img/form.svg","","","",""
4,"Scienze politiche","Scienze politiche",2017,2,2,2,2,2,2,2,2,2,"2016/2017","True","http:...","Bologna","Bologna","Scienze politiche","Scuola",0,"img/contacts.svg","","","",""
5,"Lingue e Letterature, Traduzione e Interpretazione","Lingue e Letterature, Traduzione e Interpretazione",2017,2,2,2,2,2,2,2,2,2,"2016/2017","True","http:...","Bologna","Bologna","Lingue e Letterature, Traduzione e Interpretazione","Scuola",0,"img/headphones.svg","","","",""
6,"Ingegneria e Architettura","Ingegneria e Architettura",2017,2,2,2,2,2,2,2,2,2,"2016/2017","True","http:...","Bologna","Bologna","Ingegneria e Architettura","Scuola",0,"img/office.svg","","","",""
7,"Medicina e Chirurgia","Medicina e Chirurgia",2017,2,2,2,2,2,2,2,2,2,"2016/2017","True","http:...","Bologna","Bologna","Medicina e Chirurgia","Scuola",0,"img/doctor.svg","","","",""
8,"Lettere e Beni culturali","Lettere e Beni culturali",2017,2,2,2,2,2,2,2,2,2,"2016/2017","True","http:...","Bologna","Bologna","Lettere e Beni culturali","Scuola",0,"img/notebook.svg","","","",""
9,"Agraria e Medicina Veterinaria","Agraria e Medicina Veterinaria",2017,2,2,2,2,2,2,2,2,2,"2016/2017","True","http:...","Bologna","Bologna","Agraria e Medicina Veterinaria","Scuola",0,"img/sprout.svg","","","",""
10,"Psicologia e Scienze della Formazione","Psicologia e Scienze della Formazione",2017,2,2,2,2,2,2,2,2,2,"2016/2017","True","http:...","Bologna","Bologna","Psicologia e Scienze della Formazione","Scuola",0,"img/solution.svg","","","",""
659,"Giurisprudenza","Giurisprudenza",2017,0.62,0.36,0.17,0.89,0.87,0.22,0.19,0.53,0.47,"2016/2017","True","http://www.unibo.it/it/didattica/corsi-di-studio/corso/2016/0659","Bologna","Bologna","Giurisprudenza","Laurea Magistrale a ciclo unico",5,"True","Titolo multiplo","","Italiano","libero accesso con verifica delle conoscenze"
660,"Giurisprudenza","Giurisprudenza",2017,0.14,0.28,0.04,0.96,0.87,0.26,0.19,0.39,0.47,"2016/2017","True","http://www.unibo.it/it/didattica/corsi-di-studio/corso/2016/0660","Ravenna","Ravenna","Giurisprudenza","Laurea Magistrale a ciclo unico",5,"True","Titolo multiplo","","Italiano","libero accesso con verifica delle conoscenze"
8004,"Astronomia","Scienze",2017,0.5,0.29,NA,0.89,0.91,0.13,0.24,0.87,0.72,"2016/2017","True","http://www.unibo.it/it/didattica/corsi-di-studio/corso/2016/8004","Bologna","Bologna","Scienze","Laurea",3,"False","","","Italiano","numero chiuso"
8005,"Biotecnologie","Farmacia, Biotecnologie e Scienze motorie",2017,0.3,0.69,0.02,0.95,0.91,0.19,0.17,0.76,0.8,"2016/2017","True","http://www.unibo.it/it/didattica/corsi-di-studio/corso/2016/8005","Bologna","Bologna","Farmacia, Biotecnologie e Scienze motorie","Laurea",3,"False","","","Italiano","numero chiuso"
8006,"Chimica e chimica dei materiali","Scienze",2017,0.57,0.52,0.08,0.96,0.94,0.18,0.22,0.79,0.75,"2016/2017","True","http://www.unibo.it/it/didattica/corsi-di-studio/corso/2016/8006","Bologna","Bologna","Scienze","Laurea",3,"False","","","Italiano","numero chiuso"
8007,"Fisica","Scienze",2017,0.38,0.33,NA,0.91,0.91,0.12,0.24,0.85,0.72,"2016/2017","True","http://www.unibo.it/it/didattica/corsi-di-studio/corso/2016/8007","Bologna","Bologna","Scienze","Laurea",3,"False","","","Italiano","numero chiuso"
8009,"Informatica","Scienze",2017,0.43,0.26,0.02,0.91,0.91,0.59,0.57,0.3,0.37,"2016/2017","True","http://www.unibo.it/it/didattica/corsi-di-studio/corso/2016/8009","Bologna","Bologna","Scienze","Laurea",3,"False","","","Italiano","numero chiuso"
8010,"Matematica","Scienze",2017,0.43,0.39,0.09,0.85,0.92,0.22,0.23,0.78,0.75,"2016/2017","True","http://www.unibo.it/it/didattica/corsi-di-studio/corso/2016/8010","Bologna","Bologna","Scienze","Laurea",3,"False","","","Italiano","libero accesso con verifica delle conoscenze"
8011,"Scienze ambientali","Scienze",2017,0.3,0.38,0.04,0.89,0.9,0.37,0.26,0.58,0.67,"2016/2017","True","http://www.unibo.it/it/didattica/corsi-di-studio/corso/2016/8011","Ravenna","Ravenna","Scienze","Laurea",3,"False","","","Italiano","libero accesso con verifica delle conoscenze"
8012,"Scienze biologiche","Scienze",2017,0.3,0.29,0.06,0.89,0.9,0.25,0.16,0.65,0.81,"2016/2017","True","http://www.unibo.it/it/didattica/corsi-di-studio/corso/2016/8012","Bologna","Bologna","Scienze","Laurea",3,"False","","","Italiano","numero chiuso"
8013,"Scienze e tecnologie informatiche","Scienze",2017,NA,NA,NA,0.8,0.91,0.62,0.57,0.36,0.37,"2016/2017","False","http://www.unibo.it/it/didattica/corsi-di-studio/corso/2016/8013","Cesena","","Scienze","Laurea",3,"True","Titolo multiplo","","Italiano","numero chiuso"
8014,"Informatica per il management","Scienze",2017,0.41,0.1,0.1,0.9,0.91,0.71,0.57,0.26,0.37,"2016/2017","True","http://www.unibo.it/it/didattica/corsi-di-studio/corso/2016/8014","Bologna","Bologna","Scienze","Laurea",3,"False","","","Italiano","numero chiuso"
8015,"Scienze geologiche","Scienze",2017,0.42,0.28,NA,0.95,0.94,0.19,0.18,0.81,0.76,"2016/2017","True","http://www.unibo.it/it/didattica/corsi-di-studio/corso/2016/8015","Bologna","Bologna","Scienze","Laurea",3,"False","","","Italiano","numero chiuso"
8016,"Scienze naturali","Scienze",2017,0.4,0.14,NA,0.93,0.9,0.12,0.26,0.85,0.67,"2016/2017","True","http://www.unibo.it/it/didattica/corsi-di-studio/corso/2016/8016","Bologna","Bologna","Scienze","Laurea",3,"False","","","Italiano","numero chiuso"
8018,"Astrofisica e cosmologia","Scienze",2017,0.65,0.43,0.03,0.93,0.95,0.5,0.22,0.25,0.65,"2016/2017","True","http://www.unibo.it/it/didattica/corsi-di-studio/corso/2016/8018","Bologna","Bologna","Scienze","Laurea Magistrale",2,"False","","","Italiano","libero accesso con verifica dell'adeguatezza della preparazione"
8020,"Bioinformatics","Scienze",2017,0.91,0.59,NA,0.88,0.91,0.33,0.31,0.67,0.24,"2016/2017","True","http://www.unibo.it/it/didattica/corsi-di-studio/corso/2016/8020","Bologna","Bologna","Scienze","Laurea Magistrale",2,"True","Titolo multiplo","Erogato in lingua straniera","Inglese","libero accesso con verifica dell'adeguatezza della preparazione"
8021,"Biologia molecolare e cellulare","Farmacia, Biotecnologie e Scienze motorie",2017,0.83,0.79,0.15,1,0.91,0.17,0.31,0.5,0.24,"2016/2017","True","http://www.unibo.it/it/didattica/corsi-di-studio/corso/2016/8021","Bologna","Bologna","Farmacia, Biotecnologie e Scienze motorie","Laurea Magistrale",2,"False","","","Italiano","libero accesso con verifica dell'adeguatezza della preparazione"
8022,"Biotecnologie molecolari e industriali","Farmacia, Biotecnologie e Scienze motorie",2017,0.63,0.81,0.17,0.91,0.91,0.3,0.37,0.41,0.28,"2016/2017","True","http://www.unibo.it/it/didattica/corsi-di-studio/corso/2016/8022","Bologna","Bologna","Farmacia, Biotecnologie e Scienze motorie","Laurea Magistrale",2,"False","","","Italiano","libero accesso con verifica dell'adeguatezza della preparazione"
8023,"Biologia della salute","Farmacia, Biotecnologie e Scienze motorie",2017,0.64,0.68,0.05,0.93,0.91,0.36,0.31,0.24,0.24,"2016/2017","True","http://www.unibo.it/it/didattica/corsi-di-studio/corso/2016/8023","Bologna","Bologna","Farmacia, Biotecnologie e Scienze motorie","Laurea Magistrale",2,"False","","","Italiano","libero accesso con verifica dell'adeguatezza della preparazione"
8025,"Fisica","Scienze",2017,0.51,0.6,0.1,0.89,0.93,0.54,0.29,0.31,0.57,"2016/2017","True","http://www.unibo.it/it/didattica/corsi-di-studio/corso/2016/8025","Bologna","Bologna","Scienze","Laurea Magistrale",2,"True","","Erogato in lingua straniera (solo alcuni curricula)","Italiano Inglese","libero accesso con verifica dell'adeguatezza della preparazione"
8026,"Fotochimica e materiali molecolari","Scienze",2017,0.63,0.67,0.05,0.9,0.91,0.08,0.42,0.77,0.34,"2016/2017","True","http://www.unibo.it/it/didattica/corsi-di-studio/corso/2016/8026","Bologna","Bologna","Scienze","Laurea Magistrale",2,"False","","","Italiano","libero accesso con verifica dell'adeguatezza della preparazione"
8027,"Geologia e territorio","Scienze",2017,0.56,0.54,0.02,0.91,0.9,0.22,0.36,0.28,0.23,"2016/2017","True","http://www.unibo.it/it/didattica/corsi-di-studio/corso/2016/8027","Bologna","Bologna","Scienze","Laurea Magistrale",2,"False","","","Italiano","libero accesso con verifica dell'adeguatezza della preparazione"
8028,"Informatica","Scienze",2017,0.61,0.31,0.04,0.87,0.92,0.71,0.77,0.29,0.18,"2016/2017","True","http://www.unibo.it/it/didattica/corsi-di-studio/corso/2016/8028","Bologna","Bologna","Scienze","Laurea Magistrale",2,"True","Titolo multiplo","","Italiano","libero accesso con verifica dell'adeguatezza della preparazione"
8036,"Scienze e tecniche dell'attivita' motoria preventiva e adattata","Farmacia, Biotecnologie e Scienze motorie",2017,0.37,0.79,0.07,0.88,0.82,0.74,0.71,0.11,0.07,"2016/2017","True","http://www.unibo.it/it/didattica/corsi-di-studio/corso/2016/8036","Bologna","Bologna","Farmacia, Biotecnologie e Scienze motorie","Laurea Magistrale",2,"False","","","Italiano","libero accesso con verifica dell'adeguatezza della preparazione"
8037,"Scienze e tecniche dell'attivita' sportiva","Farmacia, Biotecnologie e Scienze motorie",2017,0.37,0.81,0.04,0.91,0.86,0.76,0.73,0.07,0.06,"2016/2017","True","http://www.unibo.it/it/didattica/corsi-di-studio/corso/2016/8037","Bologna","Bologna","Farmacia, Biotecnologie e Scienze motorie","Laurea Magistrale",2,"False","","","Italiano","libero accesso con verifica dell'adeguatezza della preparazione"
8038,"Economia, mercati e istituzioni","Economia, Management e Statistica",2017,0.55,0.66,0.15,0.88,0.88,0.34,0.27,0.54,0.66,"2016/2017","True","http://www.unibo.it/it/didattica/corsi-di-studio/corso/2016/8038","Bologna","Bologna","Economia, Management e Statistica","Laurea",3,"False","","","Italiano","numero chiuso"
8040,"Servizio sociale","Scienze politiche",2017,0.46,0.67,0.05,0.92,0.92,0.49,0.37,0.33,0.43,"2016/2017","True","http://www.unibo.it/it/didattica/corsi-di-studio/corso/2016/8040","Bologna","Bologna","Scienze politiche","Laurea",3,"False","","","Italiano","numero chiuso"
8048,"Scienze internazionali e diplomatiche","Scienze politiche",2017,0.63,0.63,0.41,0.93,0.89,0.22,0.31,0.71,0.59,"2016/2017","True","http://www.unibo.it/it/didattica/corsi-di-studio/corso/2016/8048","Forlì","Forlì","Scienze politiche","Laurea",3,"False","","","Italiano Inglese","libero accesso con verifica delle conoscenze"
8049,"Interdisciplinary research and studies on eastern europe","Scienze politiche",2017,0.88,0.89,1,0.82,0.89,0.52,0.45,0,0.14,"2016/2017","True","http://www.unibo.it/it/didattica/corsi-di-studio/corso/2016/8049","Forlì","Forlì","Scienze politiche","Laurea Magistrale",2,"True","Titolo congiunto","Erogato in lingua straniera","Inglese","libero accesso con verifica dell'adeguatezza della preparazione"
8051,"Mass media e politica","Scienze politiche",2017,0.59,0.77,0.18,0.91,0.9,0.42,0.49,0.19,0.13,"2016/2017","True","http://www.unibo.it/it/didattica/corsi-di-studio/corso/2016/8051","Forlì","Forlì","Scienze politiche","Laurea Magistrale",2,"False","","","Italiano","libero accesso con verifica dell'adeguatezza della preparazione"
8053,"Finanza, assicurazioni e impresa","Economia, Management e Statistica",2017,0.55,0.46,0.05,0.94,0.95,0.39,0.33,0.45,0.62,"2016/2017","False","http://www.unibo.it/it/didattica/corsi-di-studio/corso/2016/8053","Rimini","Rimini","Economia, Management e Statistica","Laurea",3,"False","","","Italiano","libero"
8054,"Scienze statistiche","Economia, Management e Statistica",2017,0.51,0.4,0.07,0.94,0.95,0.35,0.33,0.64,0.62,"2016/2017","False","http://www.unibo.it/it/didattica/corsi-di-studio/corso/2016/8054","Bologna","Bologna","Economia, Management e Statistica","Laurea",3,"True","Titolo multiplo (solo alcuni curricula)","","Italiano","libero"
8059,"Mediazione linguistica interculturale","Lingue e Letterature, Traduzione e Interpretazione",2017,0.58,0.88,0.78,0.91,0.8,0.27,0.39,0.63,0.48,"2016/2017","True","http://www.unibo.it/it/didattica/corsi-di-studio/corso/2016/8059","Forlì","Forlì","Lingue e Letterature, Traduzione e Interpretazione","Laurea",3,"True","Titolo multiplo","","Italiano","numero chiuso"
8060,"Interpretazione","Lingue e Letterature, Traduzione e Interpretazione",2017,0.67,0.72,0.19,0.79,0.86,0.67,0.66,0.13,0.1,"2016/2017","True","http://www.unibo.it/it/didattica/corsi-di-studio/corso/2016/8060","Forlì","Forlì","Lingue e Letterature, Traduzione e Interpretazione","Laurea Magistrale",2,"False","","","Italiano","numero chiuso"
8061,"Traduzione specializzata","Lingue e Letterature, Traduzione e Interpretazione",2017,0.75,0.84,0.34,0.94,0.86,0.7,0.66,0.09,0.1,"2016/2017","False","http://www.unibo.it/it/didattica/corsi-di-studio/corso/2016/8061","Forlì","Forlì","Lingue e Letterature, Traduzione e Interpretazione","Laurea Magistrale",2,"False","","","Italiano","numero chiuso"
8182,"Design del prodotto industriale","Ingegneria e Architettura",2017,0.27,0.69,NA,0.83,0.82,NA,0.4,NA,0.38,"2016/2017","True","http://www.unibo.it/it/didattica/corsi-di-studio/corso/2016/8182","Bologna","Bologna","Ingegneria e Architettura","Laurea",3,"False","","","Italiano","numero chiuso"
8198,"Ingegneria biomedica","Ingegneria e Architettura",2017,0.42,0.27,NA,0.84,0.88,0.59,0.61,0.28,0.21,"2016/2017","True","http://www.unibo.it/it/didattica/corsi-di-studio/corso/2016/8198","Cesena","Cesena","Ingegneria e Architettura","Laurea Magistrale",2,"False","","","Italiano","libero accesso con verifica dell'adeguatezza della preparazione"
8204,"Odontoiatria e protesi dentaria","Medicina e Chirurgia",2017,0.48,0.74,NA,0.65,0.85,0.84,0.76,0.11,0.1,"2016/2017","True","http://www.unibo.it/it/didattica/corsi-di-studio/corso/2016/8204","Bologna","Bologna","Medicina e Chirurgia","Laurea Magistrale a ciclo unico",6,"False","","","Italiano","numero chiuso"
8208,"Matematica","Scienze",2017,0.58,0.77,0.14,0.98,0.93,0.6,0.57,0.16,0.28,"2016/2017","True","http://www.unibo.it/it/didattica/corsi-di-studio/corso/2016/8208","Bologna","Bologna","Scienze","Laurea Magistrale",2,"False","","","Italiano","libero accesso con verifica dell'adeguatezza della preparazione"
8209,"Scienze e gestione della natura","Scienze",2017,0.62,0.92,0.04,0.73,0.87,0.6,0.47,0.1,0.17,"2016/2017","True","http://www.unibo.it/it/didattica/corsi-di-studio/corso/2016/8209","Bologna","Bologna","Scienze","Laurea Magistrale",2,"False","","","Italiano","libero accesso con verifica dell'adeguatezza della preparazione"
8210,"Management delle attivita' motorie e sportive","Farmacia, Biotecnologie e Scienze motorie",2017,0.6,0.91,0.04,0.69,0.73,0.67,0.56,0.13,0.16,"2016/2017","True","http://www.unibo.it/it/didattica/corsi-di-studio/corso/2016/8210","Rimini","Rimini","Farmacia, Biotecnologie e Scienze motorie","Laurea Magistrale",2,"False","","","Italiano","libero accesso con verifica dell'adeguatezza della preparazione"
8211,"Civil engineering","Ingegneria e Architettura",2017,0.74,0.74,0.29,0.93,0.9,0.76,0.55,0.12,0.13,"2016/2017","False","http://www.unibo.it/it/didattica/corsi-di-studio/corso/2016/8211","Bologna","Bologna","Ingegneria e Architettura","Laurea Magistrale",2,"True","Titolo multiplo","Erogato in lingua straniera","Inglese","libero accesso con verifica dell'adeguatezza della preparazione"
8263,"Ingegneria aerospaziale","Ingegneria e Architettura",2017,0.4,0.28,NA,0.82,0.89,0.32,0.17,0.64,0.81,"2016/2017","True","http://www.unibo.it/it/didattica/corsi-di-studio/corso/2016/8263","Forlì","Forlì","Ingegneria e Architettura","Laurea",3,"False","","","Italiano","numero chiuso"
8405,"Economia aziendale","Economia, Management e Statistica",2017,0.38,0.59,0.13,0.87,0.88,0.35,0.3,0.61,0.62,"2016/2017","False","http://www.unibo.it/it/didattica/corsi-di-studio/corso/2016/8405","Bologna","Bologna","Economia, Management e Statistica","Laurea",3,"False","","","Italiano","numero chiuso"
8406,"Management e marketing","Economia, Management e Statistica",2017,0.46,0.82,0.17,0.91,0.88,0.26,0.3,0.68,0.62,"2016/2017","True","http://www.unibo.it/it/didattica/corsi-di-studio/corso/2016/8406","Bologna","Bologna","Economia, Management e Statistica","Laurea",3,"False","","","Italiano","numero chiuso"
8408,"Economics","Economia, Management e Statistica",2017,0.81,1,0.27,0.8,0.89,0.38,0.52,0.56,0.16,"2016/2017","True","http://www.unibo.it/it/didattica/corsi-di-studio/corso/2016/8408","Bologna","Bologna","Economia, Management e Statistica","Laurea Magistrale",2,"True","","Erogato in lingua straniera","Inglese","libero accesso con verifica dell'adeguatezza della preparazione"
8412,"Chimica e tecnologia farmaceutiche","Farmacia, Biotecnologie e Scienze motorie",2017,0.54,0.47,0.02,1,0.94,0.46,0.59,0.31,0.18,"2016/2017","True","http://www.unibo.it/it/didattica/corsi-di-studio/corso/2016/8412","Bologna","Bologna","Farmacia, Biotecnologie e Scienze motorie","Laurea Magistrale a ciclo unico",5,"False","","","Italiano","numero chiuso"
8413,"Farmacia","Farmacia, Biotecnologie e Scienze motorie",2017,0.45,0.2,0.12,0.88,0.94,0.5,0.59,0.33,0.18,"2016/2017","True","http://www.unibo.it/it/didattica/corsi-di-studio/corso/2016/8413","Bologna","Bologna","Farmacia, Biotecnologie e Scienze motorie","Laurea Magistrale a ciclo unico",5,"False","","","Italiano","numero chiuso"
8414,"Farmacia","Farmacia, Biotecnologie e Scienze motorie",2017,0.23,0.44,NA,0.96,0.94,0.38,0.59,0.25,0.18,"2016/2017","True","http://www.unibo.it/it/didattica/corsi-di-studio/corso/2016/8414","Rimini","Rimini","Farmacia, Biotecnologie e Scienze motorie","Laurea Magistrale a ciclo unico",5,"False","","","Italiano","numero chiuso"
8415,"Medicina e chirurgia","Medicina e Chirurgia",2017,0.7,0.61,0.3,0.94,0.85,NA,0.33,NA,0.57,"2016/2017","True","http://www.unibo.it/it/didattica/corsi-di-studio/corso/2016/8415","Bologna","Bologna","Medicina e Chirurgia","Laurea Magistrale a ciclo unico",6,"False","","","Italiano","numero chiuso"
8418,"Analisi e gestione dell'ambiente","Scienze",2017,0.74,0.71,0.36,0.94,0.87,0.59,0.46,0.06,0.16,"2016/2017","True","http://www.unibo.it/it/didattica/corsi-di-studio/corso/2016/8418","Ravenna","Ravenna","Scienze","Laurea Magistrale",2,"True","Titolo multiplo (solo alcuni curricula)","Erogato in lingua straniera (solo alcuni curricula)","Italiano Inglese","libero accesso con verifica dell'adeguatezza della preparazione"
8419,"Biodiversita' ed evoluzione","Scienze",2017,0.63,0.58,0.03,0.91,0.91,0.42,0.31,0.21,0.24,"2016/2017","True","http://www.unibo.it/it/didattica/corsi-di-studio/corso/2016/8419","Bologna","Bologna","Scienze","Laurea Magistrale",2,"False","","","Italiano","libero accesso con verifica dell'adeguatezza della preparazione"
8420,"Economia e politica economica","Economia, Management e Statistica",2017,0.8,0.61,0.15,0.89,0.89,0.52,0.52,0.24,0.16,"2016/2017","True","http://www.unibo.it/it/didattica/corsi-di-studio/corso/2016/8420","Bologna","Bologna","Economia, Management e Statistica","Laurea Magistrale",2,"True","Titolo multiplo (solo alcuni curricula)","Erogato in lingua straniera (solo alcuni curricula)","Italiano Inglese","libero accesso con verifica dell'adeguatezza della preparazione"
8470,"Dietistica (abilitante alla professione sanitaria di dietista)","Medicina e Chirurgia",2017,0.22,0.62,0.07,0.92,0.88,0.8,0.52,0,0.16,"2016/2017","True","http://www.unibo.it/it/didattica/corsi-di-studio/corso/2016/8470","Bologna","Bologna","Medicina e Chirurgia","Laurea",3,"False","","","Italiano","numero chiuso"
8473,"Infermieristica (abilitante alla professione sanitaria di infermiere)","Medicina e Chirurgia",2017,0.4,0.65,0.08,0.91,0.91,0.66,0.69,0.13,0.08,"2016/2017","True","http://www.unibo.it/it/didattica/corsi-di-studio/corso/2016/8473","Bologna","Bologna","Medicina e Chirurgia","Laurea",3,"False","","","Italiano","numero chiuso"
8474,"Infermieristica (abilitante alla professione sanitaria di infermiere)","Medicina e Chirurgia",2017,0.31,0.78,0.02,0.93,0.91,0.8,0.69,0.06,0.08,"2016/2017","True","http://www.unibo.it/it/didattica/corsi-di-studio/corso/2016/8474","Ravenna","Faenza","Medicina e Chirurgia","Laurea",3,"False","","","Italiano","numero chiuso"
8475,"Infermieristica (abilitante alla professione sanitaria di infermiere)","Medicina e Chirurgia",2017,0.29,0.68,0.02,0.96,0.91,0.89,0.69,0.05,0.08,"2016/2017","True","http://www.unibo.it/it/didattica/corsi-di-studio/corso/2016/8475","Rimini","Rimini","Medicina e Chirurgia","Laurea",3,"False","","","Italiano","numero chiuso"
8476,"Fisioterapia (abilitante alla professione sanitaria di fisioterapista)","Medicina e Chirurgia",2017,0.23,0.86,NA,0.73,0.83,0.96,0.81,0,0.09,"2016/2017","True","http://www.unibo.it/it/didattica/corsi-di-studio/corso/2016/8476","Bologna","Bologna","Medicina e Chirurgia","Laurea",3,"False","","","Italiano","numero chiuso"
8477,"Educazione professionale (abilitante alla professione sanitaria di educatore professionale)","Medicina e Chirurgia",2017,0.07,0.81,NA,1,0.83,0.77,0.81,0.18,0.09,"2016/2017","True","http://www.unibo.it/it/didattica/corsi-di-studio/corso/2016/8477","Bologna","Imola","Medicina e Chirurgia","Laurea",3,"False","","","Italiano","numero chiuso"
8478,"Logopedia (abilitante alla professione sanitaria di logopedista)","Medicina e Chirurgia",2017,NA,1,NA,0.92,0.83,0.78,0.81,0.11,0.09,"2016/2017","True","http://www.unibo.it/it/didattica/corsi-di-studio/corso/2016/8478","Ravenna","Faenza","Medicina e Chirurgia","Laurea",3,"False","","","Italiano","numero chiuso"
8479,"Podologia (abilitante alla professione sanitaria di podologo)","Medicina e Chirurgia",2017,0.5,0.71,0.08,0.91,0.83,0.88,0.81,0,0.09,"2016/2017","True","http://www.unibo.it/it/didattica/corsi-di-studio/corso/2016/8479","Bologna","Bologna","Medicina e Chirurgia","Laurea",3,"False","","","Italiano","numero chiuso"
8481,"Igiene dentale (abilitante alla professione sanitaria di igienista dentale)","Medicina e Chirurgia",2017,0.39,0.9,NA,0.94,0.88,1,0.52,0,0.16,"2016/2017","True","http://www.unibo.it/it/didattica/corsi-di-studio/corso/2016/8481","Bologna","Bologna","Medicina e Chirurgia","Laurea",3,"False","","","Italiano","numero chiuso"
8482,"Tecniche di neurofisiopatologia (abilitante alla professione sanitaria di tecnico di neurofisiopatologia)","Medicina e Chirurgia",2017,0.43,0.71,NA,0.83,0.88,0.83,0.52,0,0.16,"2016/2017","True","http://www.unibo.it/it/didattica/corsi-di-studio/corso/2016/8482","Bologna","Bologna","Medicina e Chirurgia","Laurea",3,"False","","","Italiano","numero chiuso"
8483,"Tecniche ortopediche (abilitante alla professione sanitaria di tecnico ortopedico)","Medicina e Chirurgia",2017,0.78,0.64,NA,0.86,0.88,0.67,0.52,0.17,0.16,"2016/2017","True","http://www.unibo.it/it/didattica/corsi-di-studio/corso/2016/8483","Bologna","Bologna","Medicina e Chirurgia","Laurea",3,"False","","","Italiano","numero chiuso"
8484,"Tecniche di laboratorio biomedico (abilitante alla professione sanitaria di tecnico di laboratorio biomedico)","Medicina e Chirurgia",2017,0.56,0.79,0.11,0.94,0.88,0.36,0.52,0.29,0.16,"2016/2017","True","http://www.unibo.it/it/didattica/corsi-di-studio/corso/2016/8484","Bologna","Bologna","Medicina e Chirurgia","Laurea",3,"False","","","Italiano","numero chiuso"
8485,"Tecniche di radiologia medica, per immagini e radioterapia (abilitante alla professione sanitaria di tecnico di radiologia medica)","Medicina e Chirurgia",2017,0.5,0.36,0.17,1,0.88,0.46,0.52,0.27,0.16,"2016/2017","True","http://www.unibo.it/it/didattica/corsi-di-studio/corso/2016/8485","Bologna","Bologna","Medicina e Chirurgia","Laurea",3,"False","","","Italiano","numero chiuso"
8486,"Tecniche di radiologia medica, per immagini e radioterapia (abilitante alla professione sanitaria di tecnico di radiologia medica)","Medicina e Chirurgia",2017,0.09,0.85,NA,1,0.88,0.73,0.52,0,0.16,"2016/2017","True","http://www.unibo.it/it/didattica/corsi-di-studio/corso/2016/8486","Rimini","Rimini","Medicina e Chirurgia","Laurea",3,"False","","","Italiano","numero chiuso"
8487,"Tecniche della prevenzione nell'ambiente e nei luoghi di lavoro (abilitante  alla professione sanitaria di tecnico della prevenzione nell'ambiente e nei luoghi di lavoro)","Medicina e Chirurgia",2017,0.37,0.7,NA,0.8,0.86,0.47,0.45,0.29,0.23,"2016/2017","True","http://www.unibo.it/it/didattica/corsi-di-studio/corso/2016/8487","Bologna","Imola","Medicina e Chirurgia","Laurea",3,"False","","","Italiano","numero chiuso"
8488,"Scienze infermieristiche e ostetriche","Medicina e Chirurgia",2017,0.19,0.84,NA,0.73,0.79,0.94,0.92,0,0.03,"2016/2017","True","http://www.unibo.it/it/didattica/corsi-di-studio/corso/2016/8488","Bologna","Bologna","Medicina e Chirurgia","Laurea Magistrale",2,"False","","","Italiano","numero chiuso"
8491,"Scienze criminologiche per l'investigazione e la sicurezza","Scienze politiche",2017,0.78,0.58,0.05,0.8,0.84,0.57,0.49,0.1,0.14,"2016/2017","True","http://www.unibo.it/it/didattica/corsi-di-studio/corso/2016/8491","Forlì","Forlì","Scienze politiche","Laurea Magistrale",2,"False","","","Italiano","libero accesso con verifica dell'adeguatezza della preparazione"
8493,"Antropologia, religioni, civilta' orientali","Lettere e Beni culturali",2017,0.68,0.37,0.16,0.83,0.89,0.42,0.32,0.47,0.6,"2016/2017","True","http://www.unibo.it/it/didattica/corsi-di-studio/corso/2016/8493","Bologna","Bologna","Lettere e Beni culturali","Laurea",3,"False","","","Italiano","libero accesso con verifica delle conoscenze"
8495,"Sociologia","Scienze politiche",2017,0.29,0.51,0.06,0.94,0.89,0.43,0.37,0.39,0.46,"2016/2017","True","http://www.unibo.it/it/didattica/corsi-di-studio/corso/2016/8495","Forlì","Forlì","Scienze politiche","Laurea",3,"False","","","Italiano","libero accesso con verifica delle conoscenze"
8510,"Sviluppo e cooperazione internazionale","Scienze politiche",2017,0.66,0.56,0.1,0.76,0.79,0.32,0.33,0.54,0.54,"2016/2017","False","http://www.unibo.it/it/didattica/corsi-di-studio/corso/2016/8510","Bologna","Bologna","Scienze politiche","Laurea",3,"False","","","Italiano","libero accesso con verifica delle conoscenze"
8512,"Scienze delle attivita' motorie e sportive","Farmacia, Biotecnologie e Scienze motorie",2017,0.2,0.38,0.07,0.82,0.82,0.76,0.56,0.19,0.36,"2016/2017","True","http://www.unibo.it/it/didattica/corsi-di-studio/corso/2016/8512","Bologna","Bologna","Farmacia, Biotecnologie e Scienze motorie","Laurea",3,"False","","","Italiano","numero chiuso"
8513,"Chimica industriale","Scienze",2017,0.4,0.34,0.05,0.93,0.94,0.18,0.22,0.79,0.75,"2016/2017","True","http://www.unibo.it/it/didattica/corsi-di-studio/corso/2016/8513","Bologna","Bologna","Scienze","Laurea",3,"False","","","Italiano","numero chiuso"
8514,"Chimica e tecnologie per l'ambiente e per i materiali","Scienze",2017,0.51,0.39,0.12,1,0.94,0.36,0.22,0.48,0.75,"2016/2017","True","http://www.unibo.it/it/didattica/corsi-di-studio/corso/2016/8514","Rimini","Rimini","Scienze","Laurea",3,"False","","","Italiano","libero accesso con verifica delle conoscenze"
8515,"Chimica e tecnologie per l'ambiente e per i materiali","Scienze",2017,0.25,0.41,NA,1,0.94,0.53,0.22,0.27,0.75,"2016/2017","True","http://www.unibo.it/it/didattica/corsi-di-studio/corso/2016/8515","Ravenna","Faenza","Scienze","Laurea",3,"False","","","Italiano","libero accesso con verifica delle conoscenze"
8517,"Controllo di qualita' dei prodotti per la salute","Farmacia, Biotecnologie e Scienze motorie",2017,0.54,0.58,0.04,0.89,0.88,0.57,0.43,0.23,0.4,"2016/2017","True","http://www.unibo.it/it/didattica/corsi-di-studio/corso/2016/8517","Rimini","Rimini","Farmacia, Biotecnologie e Scienze motorie","Laurea",3,"False","","","Italiano","numero chiuso"
8518,"Scienze farmaceutiche applicate","Farmacia, Biotecnologie e Scienze motorie",2017,0.25,0.26,NA,0.97,0.88,0.42,0.43,0.32,0.4,"2016/2017","True","http://www.unibo.it/it/didattica/corsi-di-studio/corso/2016/8518","Bologna","Imola","Farmacia, Biotecnologie e Scienze motorie","Laurea",3,"False","","","Italiano","numero chiuso"
8519,"Biotecnologie farmaceutiche","Farmacia, Biotecnologie e Scienze motorie",2017,0.63,0.8,0.09,0.94,0.91,0.33,0.31,0.33,0.32,"2016/2017","True","http://www.unibo.it/it/didattica/corsi-di-studio/corso/2016/8519","Bologna","Bologna","Farmacia, Biotecnologie e Scienze motorie","Laurea Magistrale",2,"False","","","Italiano","libero accesso con verifica dell'adeguatezza della preparazione"
8521,"Sicurezza e qualita' delle produzioni animali","Agraria e Medicina Veterinaria",2017,0.69,0.78,NA,0.82,0.85,0.53,0.51,0.11,0.1,"2016/2017","True","http://www.unibo.it/it/didattica/corsi-di-studio/corso/2016/8521","Bologna","Ozzano dell' Emilia","Agraria e Medicina veterinaria","Laurea Magistrale",2,"False","","","Italiano","libero accesso con verifica dell'adeguatezza della preparazione"
8522,"Biotecnologie animali","Agraria e Medicina Veterinaria",2017,0.83,0.75,NA,0.9,0.91,0.1,0.31,0.2,0.32,"2016/2017","True","http://www.unibo.it/it/didattica/corsi-di-studio/corso/2016/8522","Bologna","Ozzano dell' Emilia","Agraria e Medicina veterinaria","Laurea Magistrale",2,"False","","","Italiano","libero accesso con verifica dell'adeguatezza della preparazione"
8523,"Verde ornamentale e tutela del paesaggio","Agraria e Medicina Veterinaria",2017,0.39,0.37,NA,0.77,0.9,0.71,0.37,0.29,0.54,"2016/2017","True","http://www.unibo.it/it/didattica/corsi-di-studio/corso/2016/8523","Bologna","Imola","Agraria e Medicina veterinaria","Laurea",3,"False","","","Italiano","libero accesso con verifica delle conoscenze"
8524,"Tecnologie agrarie","Agraria e Medicina Veterinaria",2017,0.44,0.32,0.08,0.97,0.9,0.26,0.37,0.68,0.54,"2016/2017","True","http://www.unibo.it/it/didattica/corsi-di-studio/corso/2016/8524","Bologna","Bologna","Agraria e Medicina veterinaria","Laurea",3,"False","","","Italiano","numero chiuso"
8525,"Scienze del territorio e dell'ambiente agro-forestale","Agraria e Medicina Veterinaria",2017,0.37,0.37,0.06,0.86,0.9,0.19,0.37,0.78,0.54,"2016/2017","True","http://www.unibo.it/it/didattica/corsi-di-studio/corso/2016/8525","Bologna","Bologna","Agraria e Medicina veterinaria","Laurea",3,"False","","","Italiano","numero chiuso"
8526,"Economia e marketing nel sistema agro-industriale","Agraria e Medicina Veterinaria",2017,0.45,0.43,0.05,0.89,0.9,0.29,0.37,0.63,0.54,"2016/2017","True","http://www.unibo.it/it/didattica/corsi-di-studio/corso/2016/8526","Bologna","Bologna","Agraria e Medicina veterinaria","Laurea",3,"False","","","Italiano","numero chiuso"
8527,"Viticoltura ed enologia","Agraria e Medicina Veterinaria",2017,0.24,0.32,NA,0.97,0.95,0.53,0.37,0.16,0.52,"2016/2017","True","http://www.unibo.it/it/didattica/corsi-di-studio/corso/2016/8527","Cesena","Cesena","Agraria e Medicina veterinaria","Laurea",3,"False","","","Italiano","numero chiuso"
8528,"Tecnologie alimentari","Agraria e Medicina Veterinaria",2017,0.23,0.45,0.01,0.95,0.95,0.36,0.37,0.56,0.52,"2016/2017","True","http://www.unibo.it/it/didattica/corsi-di-studio/corso/2016/8528","Cesena","Cesena","Agraria e Medicina veterinaria","Laurea",3,"False","","","Italiano","numero chiuso"
8529,"Produzioni animali e controllo della fauna selvatica","Agraria e Medicina Veterinaria",2017,0.26,0.21,0.02,0.82,0.86,0.36,0.37,0.55,0.53,"2016/2017","False","http://www.unibo.it/it/didattica/corsi-di-studio/corso/2016/8529","Bologna","Bologna","Agraria e Medicina veterinaria","Laurea",3,"False","","","Italiano","numero chiuso"
8530,"Scienze e tecnologie agrarie","Agraria e Medicina Veterinaria",2017,0.5,0.5,0.03,0.85,0.9,0.69,0.56,0.04,0.12,"2016/2017","False","http://www.unibo.it/it/didattica/corsi-di-studio/corso/2016/8530","Bologna","Bologna","Agraria e Medicina veterinaria","Laurea Magistrale",2,"False","","","Italiano","libero accesso con verifica dell'adeguatezza della preparazione"
8531,"Scienze e tecnologie alimentari","Agraria e Medicina Veterinaria",2017,0.48,0.72,NA,0.97,0.9,0.72,0.53,0.17,0.14,"2016/2017","True","http://www.unibo.it/it/didattica/corsi-di-studio/corso/2016/8531","Cesena","Cesena","Agraria e Medicina veterinaria","Laurea Magistrale",2,"False","","","Italiano","libero accesso con verifica dell'adeguatezza della preparazione"
8532,"Progettazione e gestione degli ecosistemi agro-territoriali, forestali e del paesaggio","Agraria e Medicina Veterinaria",2017,0.71,0.84,0.09,0.83,0.87,0.29,0.47,0.14,0.12,"2016/2017","True","http://www.unibo.it/it/didattica/corsi-di-studio/corso/2016/8532","Bologna","Bologna","Agraria e Medicina veterinaria","Laurea Magistrale",2,"False","","","Italiano","libero accesso con verifica dell'adeguatezza della preparazione"
8537,"Science for the conservation - restoration of cultural heritage","Scienze",2017,0.95,0.41,NA,0.83,0.9,0.25,0.32,0.38,0.21,"2016/2017","True","http://www.unibo.it/it/didattica/corsi-di-studio/corso/2016/8537","Ravenna","Ravenna","Scienze","Laurea Magistrale",2,"True","","Erogato in lingua straniera","Inglese","libero accesso con verifica dell'adeguatezza della preparazione"
8540,"Scienze della formazione primaria","Psicologia e Scienze della Formazione",2017,0.28,0.42,0.08,0.96,0.91,NA,NA,NA,NA,"2016/2017","True","http://www.unibo.it/it/didattica/corsi-di-studio/corso/2016/8540","Bologna","Bologna","Psicologia e Scienze della Formazione","Laurea Magistrale a ciclo unico",5,"False","","","Italiano","numero chiuso"
8610,"Ingegneria dell'energia elettrica","Ingegneria e Architettura",2017,0.51,0.29,NA,0.93,0.89,0.31,0.17,0.69,0.81,"2016/2017","True","http://www.unibo.it/it/didattica/corsi-di-studio/corso/2016/8610","Bologna","Bologna","Ingegneria e Architettura","Laurea",3,"False","","","Italiano","numero chiuso"
8611,"Ingegneria dell'energia elettrica","Ingegneria e Architettura",2017,0.58,0.52,0.07,0.93,0.92,0.85,0.74,0.12,0.13,"2016/2017","True","http://www.unibo.it/it/didattica/corsi-di-studio/corso/2016/8611","Bologna","Bologna","Ingegneria e Architettura","Laurea Magistrale",2,"True","","Erogato in lingua straniera (solo alcuni curricula)","Italiano Inglese","libero accesso con verifica dell'adeguatezza della preparazione"
8614,"Ingegneria e scienze informatiche","Scienze",2017,0.3,0.44,0.05,0.92,0.92,0.88,0.77,0.12,0.18,"2016/2017","True","http://www.unibo.it/it/didattica/corsi-di-studio/corso/2016/8614","Cesena","Cesena","Ingegneria e Architettura","Laurea Magistrale",2,"False","","","Italiano","libero accesso con verifica dell'adeguatezza della preparazione"
8615,"Ingegneria e scienze informatiche","Ingegneria e Architettura",2017,0.33,0.38,0.05,0.97,0.89,0.54,0.23,0.46,0.76,"2016/2017","True","http://www.unibo.it/it/didattica/corsi-di-studio/corso/2016/8615","Cesena","Cesena","Scienze","Laurea",3,"False","","","Italiano","numero chiuso"
8617,"Medicina veterinaria","Agraria e Medicina Veterinaria",2017,0.68,0.32,0.15,0.92,0.86,0.57,0.52,0.25,0.22,"2016/2017","True","http://www.unibo.it/it/didattica/corsi-di-studio/corso/2016/8617","Bologna","Ozzano dell' Emilia","Agraria e Medicina veterinaria","Laurea Magistrale a ciclo unico",5,"False","","","Italiano","numero chiuso"
8626,"Fisica del sistema terra","Scienze",2017,0.65,0.46,0.09,0.9,0.93,0.18,0.29,0.55,0.57,"2016/2017","True","http://www.unibo.it/it/didattica/corsi-di-studio/corso/2016/8626","Bologna","Bologna","Scienze","Laurea Magistrale",2,"False","","","Italiano","libero accesso con verifica dell'adeguatezza della preparazione"
869,"Tecnologie agrarie","Agraria e Medicina Veterinaria",2017,0.44,0.32,0.08,0.97,0.9,0.26,0.37,0.68,0.54,"2016/2017","False","http://www.unibo.it/it/didattica/corsi-di-studio/corso/2016/0869","Bologna","","Agraria e Medicina veterinaria","Laurea",3,"False","","","Italiano","libero accesso con verifica delle conoscenze"
8766,"Scienze delle attivita' motorie e sportive","Farmacia, Biotecnologie e Scienze motorie",2017,0.28,0.43,0.08,0.8,0.82,NA,0.56,NA,0.36,"2016/2017","True","http://www.unibo.it/it/didattica/corsi-di-studio/corso/2016/8766","Rimini","Rimini","Farmacia, Biotecnologie e Scienze motorie","Laurea",3,"False","","","Italiano","numero chiuso"
8767,"Ingegneria elettronica per l'energia e l'informazione","Ingegneria e Architettura",2017,0.23,0.25,NA,1,0.89,0,0.23,1,0.76,"2016/2017","True","http://www.unibo.it/it/didattica/corsi-di-studio/corso/2016/8767","Cesena","Cesena","Ingegneria e Architettura","Laurea",3,"False","","","Italiano","numero chiuso"
8771,"Ingegneria meccanica","Ingegneria e Architettura",2017,0.13,0.35,0.08,1,0.92,0.86,0.77,0.07,0.1,"2016/2017","True","http://www.unibo.it/it/didattica/corsi-di-studio/corso/2016/8771","Forlì","Forlì","Ingegneria e Architettura","Laurea Magistrale",2,"True","Titolo multiplo","","Italiano","numero chiuso"
8772,"Culture e tecniche della moda","Lettere e Beni culturali",2017,0.59,0.58,0.07,0.88,0.83,0.45,0.39,0.23,0.4,"2016/2017","True","http://www.unibo.it/it/didattica/corsi-di-studio/corso/2016/8772","Rimini","Rimini","Lettere e Beni culturali","Laurea",3,"False","","","Italiano","libero accesso con verifica dell'adeguatezza della preparazione"
8773,"Scienze filosofiche","Lettere e Beni culturali",2017,0.69,0.51,0.22,0.83,0.88,0.42,0.43,0.27,0.24,"2016/2017","True","http://www.unibo.it/it/didattica/corsi-di-studio/corso/2016/8773","Bologna","Bologna","Lettere e Beni culturali","Laurea Magistrale",2,"True","Titolo multiplo","","Italiano","libero accesso con verifica dell'adeguatezza della preparazione"
8774,"Scienze e tecniche psicologiche","Psicologia e Scienze della Formazione",2017,0.4,0.71,0.12,0.94,0.88,0.29,0.27,0.67,0.69,"2016/2017","True","http://www.unibo.it/it/didattica/corsi-di-studio/corso/2016/8774","Cesena","Cesena","Psicologia e Scienze della Formazione","Laurea",3,"False","","","Italiano","numero chiuso"
8775,"Educatore nei servizi per l'infanzia","Psicologia e Scienze della Formazione",2017,0.23,0.59,0.02,0.94,0.92,0.58,0.56,0.24,0.29,"2016/2017","True","http://www.unibo.it/it/didattica/corsi-di-studio/corso/2016/8775","Bologna","Bologna","Psicologia e Scienze della Formazione","Laurea",3,"False","","","Italiano","numero chiuso"
8776,"Educatore sociale e culturale","Psicologia e Scienze della Formazione",2017,0.36,0.41,0.06,0.9,0.92,0.59,0.56,0.26,0.29,"2016/2017","True","http://www.unibo.it/it/didattica/corsi-di-studio/corso/2016/8776","Bologna","Bologna","Psicologia e Scienze della Formazione","Laurea",3,"False","","","Italiano","numero chiuso"
8777,"Educatore sociale e culturale","Psicologia e Scienze della Formazione",2017,0.28,0.48,0.01,0.96,0.92,0.62,0.56,0.26,0.29,"2016/2017","True","http://www.unibo.it/it/didattica/corsi-di-studio/corso/2016/8777","Rimini","Rimini","Psicologia e Scienze della Formazione","Laurea",3,"False","","","Italiano","numero chiuso"
8778,"Progettazione e gestione dell'intervento educativo nel disagio sociale","Psicologia e Scienze della Formazione",2017,0.64,0.38,0.02,0.89,0.87,0.78,0.7,0.04,0.08,"2016/2017","True","http://www.unibo.it/it/didattica/corsi-di-studio/corso/2016/8778","Bologna","Bologna","Psicologia e Scienze della Formazione","Laurea Magistrale",2,"False","","","Italiano","numero chiuso"
8779,"Progettazione e gestione dell'intervento educativo nel disagio sociale","Psicologia e Scienze della Formazione",2017,0.54,0.47,NA,1,0.87,0.5,0.7,0.5,0.08,"2016/2017","True","http://www.unibo.it/it/didattica/corsi-di-studio/corso/2016/8779","Rimini","Rimini","Psicologia e Scienze della Formazione","Laurea Magistrale",2,"False","","","Italiano","numero chiuso"
8781,"Pedagogia","Psicologia e Scienze della Formazione",2017,0.38,0.37,0.03,0.85,0.9,0.81,0.67,0.06,0.09,"2016/2017","False","http://www.unibo.it/it/didattica/corsi-di-studio/corso/2016/8781","Bologna","Bologna","Psicologia e Scienze della Formazione","Laurea Magistrale",2,"False","","","Italiano","numero chiuso"
8782,"Relazioni internazionali","Scienze politiche",2017,0.87,0.62,0.43,0.83,0.89,0.33,0.45,0.25,0.14,"2016/2017","True","http://www.unibo.it/it/didattica/corsi-di-studio/corso/2016/8782","Bologna","Bologna","Scienze politiche","Laurea Magistrale",2,"True","","Erogato in lingua straniera (solo alcuni curricula)","Italiano Inglese","libero accesso con verifica dell'adeguatezza della preparazione"
8783,"Scienze internazionali e diplomatiche","Scienze politiche",2017,0.84,0.6,0.56,0.88,0.89,0.51,0.45,0.13,0.14,"2016/2017","True","http://www.unibo.it/it/didattica/corsi-di-studio/corso/2016/8783","Forlì","Forlì","Scienze politiche","Laurea Magistrale",2,"True","Titolo multiplo","Erogato in lingua straniera (solo alcuni curricula)","Italiano Inglese","libero accesso con verifica dell'adeguatezza della preparazione"
8784,"Politica, amministrazione e organizzazione","Scienze politiche",2017,0.63,0.64,0.05,0.9,0.9,0.38,0.54,0.24,0.1,"2016/2017","True","http://www.unibo.it/it/didattica/corsi-di-studio/corso/2016/8784","Bologna","Bologna","Scienze politiche","Laurea Magistrale",2,"True","Titolo multiplo (solo alcuni curricula)","","Italiano","libero accesso con verifica dell'adeguatezza della preparazione"
8785,"Sviluppo locale e globale","Scienze politiche",2017,0.78,0.67,0.32,0.7,0.81,0.65,0.51,0.13,0.18,"2016/2017","False","http://www.unibo.it/it/didattica/corsi-di-studio/corso/2016/8785","Bologna","Bologna","Scienze politiche","Laurea Magistrale",2,"False","","","Italiano","libero accesso con verifica dell'adeguatezza della preparazione"
8786,"Sociologia e servizio sociale","Scienze politiche",2017,0.64,0.46,0.06,0.82,0.83,0.64,0.56,0.08,0.1,"2016/2017","True","http://www.unibo.it/it/didattica/corsi-di-studio/corso/2016/8786","Bologna","Bologna","Scienze politiche","Laurea Magistrale",2,"True","Titolo multiplo (solo alcuni curricula)","","Italiano","libero accesso con verifica dell'adeguatezza della preparazione"
881,"Architettura","Ingegneria e Architettura",2017,0.39,0.58,0.16,0.92,0.83,0.66,0.44,0.14,0.17,"2016/2017","True","http://www.unibo.it/it/didattica/corsi-di-studio/corso/2016/0881","Cesena","Cesena","Ingegneria e Architettura","Laurea Magistrale a ciclo unico",5,"False","","","Italiano","numero chiuso"
8829,"Ingegneria dei processi e dei sistemi edilizi","Ingegneria e Architettura",2017,0.53,0.85,0.07,0.76,0.85,0.51,0.56,0.14,0.12,"2016/2017","True","http://www.unibo.it/it/didattica/corsi-di-studio/corso/2016/8829","Ravenna","Ravenna","Ingegneria e Architettura","Laurea Magistrale",2,"True","Titolo multiplo (solo alcuni curricula)","Erogato in lingua straniera (solo alcuni curricula)","Italiano Inglese","libero accesso con verifica dell'adeguatezza della preparazione"
8834,"Acquacoltura e igiene delle produzioni ittiche","Agraria e Medicina Veterinaria",2017,0.34,0.41,NA,0.93,0.86,0.33,0.37,0.58,0.53,"2016/2017","True","http://www.unibo.it/it/didattica/corsi-di-studio/corso/2016/8834","Cesena","Cesenatico","Agraria e Medicina veterinaria","Laurea",3,"False","","","Italiano","libero accesso con verifica delle conoscenze"
8836,"Beni archeologici, artistici e del paesaggio: storia, tutela e valorizzazione","Lettere e Beni culturali",2017,0.57,0.4,NA,1,0.87,NA,0.37,NA,0.23,"2016/2017","True","http://www.unibo.it/it/didattica/corsi-di-studio/corso/2016/8836","Ravenna","Ravenna","Lettere e Beni culturali","Laurea Magistrale",2,"False","","","Italiano","libero accesso con verifica dell'adeguatezza della preparazione"
8837,"Discipline della musica e del teatro","Lettere e Beni culturali",2017,0.86,0.3,NA,1,0.96,NA,0.54,NA,0.12,"2016/2017","True","http://www.unibo.it/it/didattica/corsi-di-studio/corso/2016/8837","Bologna","Bologna","Lettere e Beni culturali","Laurea Magistrale",2,"False","","","Italiano","libero accesso con verifica dell'adeguatezza della preparazione"
8838,"Scienze del libro e del documento","Lettere e Beni culturali",2017,0.36,0.59,NA,1,0.85,NA,0.43,NA,0.24,"2016/2017","True","http://www.unibo.it/it/didattica/corsi-di-studio/corso/2016/8838","Ravenna","Ravenna","Lettere e Beni culturali","Laurea Magistrale",2,"False","","","Italiano","libero accesso con verifica dell'adeguatezza della preparazione"
884,"Chimica industriale","Scienze",2017,0.41,0.77,0.17,0.96,0.93,0.38,0.52,0.41,0.24,"2016/2017","True","http://www.unibo.it/it/didattica/corsi-di-studio/corso/2016/0884","Bologna","Bologna","Scienze","Laurea Magistrale",2,"True","Titolo multiplo (solo alcuni curricula)","","Italiano","libero accesso con verifica dell'adeguatezza della preparazione"
8840,"Comunicazione pubblica e d'impresa","Scienze politiche",2017,0.72,0.69,0.19,0.65,0.89,NA,0.57,NA,0.12,"2016/2017","True","http://www.unibo.it/it/didattica/corsi-di-studio/corso/2016/8840","Bologna","Bologna","Scienze politiche","Laurea Magistrale",2,"False","","","Italiano","numero chiuso"
8842,"Amministrazione e gestione d'impresa","Economia, Management e Statistica",2017,0.42,0.69,0.02,0.98,0.92,0.56,0.59,0.24,0.16,"2016/2017","True","http://www.unibo.it/it/didattica/corsi-di-studio/corso/2016/8842","Rimini","Rimini","Economia, Management e Statistica","Laurea Magistrale",2,"True","","Erogato in lingua straniera (solo alcuni curricula)","Italiano Inglese","numero chiuso"
8845,"Scienze storiche e orientalistiche","Lettere e Beni culturali",2017,0.68,0.53,0.11,0.85,0.9,0.42,0.43,0.23,0.21,"2016/2017","True","http://www.unibo.it/it/didattica/corsi-di-studio/corso/2016/8845","Bologna","Bologna","Lettere e Beni culturali","Laurea Magistrale",2,"True","Titolo multiplo (solo alcuni curricula)","Erogato in lingua straniera (solo alcuni curricula)","Italiano Inglese","libero accesso con verifica dell'adeguatezza della preparazione"
8847,"Economia del turismo","Economia, Management e Statistica",2017,0.51,0.51,0.07,0.87,0.88,0.48,0.27,0.32,0.66,"2016/2017","True","http://www.unibo.it/it/didattica/corsi-di-studio/corso/2016/8847","Rimini","Rimini","Economia, Management e Statistica","Laurea",3,"True","","Erogato in lingua straniera (solo alcuni curricula)","Italiano Inglese","numero chiuso"
8848,"Economia dell'impresa","Economia, Management e Statistica",2017,0.34,0.5,0.04,0.81,0.88,0.47,0.3,0.4,0.62,"2016/2017","True","http://www.unibo.it/it/didattica/corsi-di-studio/corso/2016/8848","Rimini","Rimini","Economia, Management e Statistica","Laurea",3,"False","","","Italiano","numero chiuso"
8849,"Beni culturali","Lettere e Beni culturali",2017,0.4,0.43,0.06,0.93,0.88,0.29,0.31,0.61,0.58,"2016/2017","True","http://www.unibo.it/it/didattica/corsi-di-studio/corso/2016/8849","Ravenna","Ravenna","Lettere e Beni culturali","Laurea",3,"False","","","Italiano","libero accesso con verifica delle conoscenze"
8850,"Lettere","Lettere e Beni culturali",2017,0.59,0.43,0.14,0.88,0.88,0.26,0.25,0.71,0.7,"2016/2017","True","http://www.unibo.it/it/didattica/corsi-di-studio/corso/2016/8850","Bologna","Bologna","Lettere e Beni culturali","Laurea",3,"True","Titolo multiplo (solo alcuni curricula)","","Italiano","libero accesso con verifica delle conoscenze"
8851,"Economia e commercio","Economia, Management e Statistica",2017,0.17,0.52,0.09,0.94,0.88,0.41,0.3,0.5,0.62,"2016/2017","False","http://www.unibo.it/it/didattica/corsi-di-studio/corso/2016/8851","Forlì","Forlì","Economia, Management e Statistica","Laurea",3,"False","","","Italiano","numero chiuso"
8852,"Scienze della comunicazione","Lettere e Beni culturali",2017,0.49,0.45,0.1,0.9,0.85,0.48,0.44,0.42,0.41,"2016/2017","False","http://www.unibo.it/it/didattica/corsi-di-studio/corso/2016/8852","Bologna","Bologna","Lettere e Beni culturali","Laurea",3,"False","","","Italiano","libero accesso con verifica delle conoscenze"
8853,"Scienze politiche, sociali e internazionali","Scienze politiche",2017,0.63,0.49,0.14,0.9,0.89,0.29,0.31,0.64,0.59,"2016/2017","True","http://www.unibo.it/it/didattica/corsi-di-studio/corso/2016/8853","Bologna","Bologna","Scienze politiche","Laurea",3,"False","","","Italiano","libero accesso con verifica delle conoscenze"
8854,"Quantitative finance","Economia, Management e Statistica",2017,0.72,0.62,0.17,0.85,0.88,0.79,0.69,0.13,0.1,"2016/2017","True","http://www.unibo.it/it/didattica/corsi-di-studio/corso/2016/8854","Bologna","Bologna","Economia, Management e Statistica","Laurea Magistrale",2,"True","Titolo multiplo","Erogato in lingua straniera","Inglese","libero accesso con verifica dell'adeguatezza della preparazione"
8855,"Archeologia e culture del mondo antico","Lettere e Beni culturali",2017,0.77,0.45,0.09,0.89,0.87,0.39,0.37,0.19,0.23,"2016/2017","True","http://www.unibo.it/it/didattica/corsi-di-studio/corso/2016/8855","Bologna","Bologna","Lettere e Beni culturali","Laurea Magistrale",2,"True","Titolo multiplo","","Italiano","libero accesso con verifica dell'adeguatezza della preparazione"
8856,"Chimica","Scienze",2017,0.74,0.63,0.03,0.84,0.91,0.27,0.42,0.46,0.34,"2016/2017","True","http://www.unibo.it/it/didattica/corsi-di-studio/corso/2016/8856","Bologna","Bologna","Scienze","Laurea Magistrale",2,"True","Titolo multiplo (solo alcuni curricula)","Erogato in lingua straniera (solo alcuni curricula)","Italiano Inglese","libero accesso con verifica dell'adeguatezza della preparazione"
8857,"Biologia marina","Scienze",2017,0.71,0.7,0.09,0.94,0.91,0.27,0.31,0.17,0.24,"2016/2017","True","http://www.unibo.it/it/didattica/corsi-di-studio/corso/2016/8857","Ravenna","Ravenna","Scienze","Laurea Magistrale",2,"False","","","Italiano","libero accesso con verifica dell'adeguatezza della preparazione"
8858,"Economia e gestione aziendale","Economia, Management e Statistica",2017,0.34,0.73,0.14,0.9,0.92,0.72,0.59,0.09,0.16,"2016/2017","False","http://www.unibo.it/it/didattica/corsi-di-studio/corso/2016/8858","Forlì","Forlì","Economia, Management e Statistica","Laurea Magistrale",2,"True","Titolo multiplo","Erogato in lingua straniera (solo alcuni curricula)","Italiano Inglese","numero chiuso"
8859,"Biotecnologie mediche","Medicina e Chirurgia",2017,0.82,0.82,0.07,0.93,0.91,0.24,0.31,0.24,0.32,"2016/2017","True","http://www.unibo.it/it/didattica/corsi-di-studio/corso/2016/8859","Bologna","Bologna","Medicina e Chirurgia","Laurea Magistrale",2,"True","Titolo multiplo (solo alcuni curricula)","","Italiano","libero accesso con verifica dell'adeguatezza della preparazione"
8871,"Economia aziendale","Economia, Management e Statistica",2017,0.38,0.59,0.13,0.87,0.88,0.35,0.3,0.61,0.62,"2016/2017","True","http://www.unibo.it/it/didattica/corsi-di-studio/corso/2016/8871","Bologna","Bologna","Economia, Management e Statistica","Laurea",3,"False","","","Italiano","numero chiuso"
8872,"Finanza, assicurazioni e impresa","Economia, Management e Statistica",2017,0.55,0.46,0.05,0.94,0.95,0.39,0.33,0.45,0.62,"2016/2017","True","http://www.unibo.it/it/didattica/corsi-di-studio/corso/2016/8872","Rimini","Rimini","Economia, Management e Statistica","Laurea",3,"False","","","Italiano","libero accesso con verifica delle conoscenze"
8873,"Scienze statistiche","Economia, Management e Statistica",2017,0.51,0.4,0.07,0.94,0.95,0.35,0.33,0.64,0.62,"2016/2017","True","http://www.unibo.it/it/didattica/corsi-di-studio/corso/2016/8873","Bologna","Bologna","Economia, Management e Statistica","Laurea",3,"True","Titolo multiplo (solo alcuni curricula)","Erogato in lingua straniera (solo alcuni curricula)","Italiano Inglese","libero accesso con verifica delle conoscenze"
8875,"Scienze statistiche","Economia, Management e Statistica",2017,0.53,0.69,0.07,0.83,0.92,0.62,0.73,0.19,0.15,"2016/2017","True","http://www.unibo.it/it/didattica/corsi-di-studio/corso/2016/8875","Bologna","Bologna","Economia, Management e Statistica","Laurea Magistrale",2,"False","","","Italiano","libero accesso con verifica dell'adeguatezza della preparazione"
8876,"Statistica, economia e impresa","Economia, Management e Statistica",2017,0.75,0.59,0.12,1,0.92,0.79,0.73,0.08,0.15,"2016/2017","True","http://www.unibo.it/it/didattica/corsi-di-studio/corso/2016/8876","Bologna","Bologna","Economia, Management e Statistica","Laurea Magistrale",2,"False","","","Italiano","libero accesso con verifica dell'adeguatezza della preparazione"
8877,"Scienze statistiche, finanziarie e attuariali","Economia, Management e Statistica",2017,0.56,0.76,0.13,0.9,0.92,0.69,0.76,0.13,0.1,"2016/2017","True","http://www.unibo.it/it/didattica/corsi-di-studio/corso/2016/8877","Rimini","Rimini","Economia, Management e Statistica","Laurea Magistrale",2,"False","","","Italiano","libero accesso con verifica dell'adeguatezza della preparazione"
8878,"Scienze delle professioni sanitarie della prevenzione","Medicina e Chirurgia",2017,0.38,NA,NA,NA,0.75,NA,0.82,NA,0.03,"2016/2017","True","http://www.unibo.it/it/didattica/corsi-di-studio/corso/2016/8878","Bologna","Imola","Medicina e Chirurgia","Laurea Magistrale",2,"False","","","Italiano","numero chiuso"
8879,"Assistenza sanitaria (abilitante alla professione sanitaria di assistente sanitario)","Medicina e Chirurgia",2017,0.29,NA,NA,NA,0.86,NA,0.45,NA,0.23,"2016/2017","True","http://www.unibo.it/it/didattica/corsi-di-studio/corso/2016/8879","Rimini","Rimini","Medicina e Chirurgia","Laurea",3,"False","","","Italiano","numero chiuso"
8882,"Produzioni animali","Agraria e Medicina Veterinaria",2017,0.26,0.21,0.02,0.82,0.86,0.36,0.37,0.55,0.53,"2016/2017","True","http://www.unibo.it/it/didattica/corsi-di-studio/corso/2016/8882","Bologna","Bologna","Agraria e Medicina veterinaria","Laurea",3,"False","","","Italiano","numero chiuso"
8884,"Scienze e tecnologie agrarie","Agraria e Medicina Veterinaria",2017,0.5,0.5,0.03,0.85,0.9,0.69,0.56,0.04,0.12,"2016/2017","True","http://www.unibo.it/it/didattica/corsi-di-studio/corso/2016/8884","Bologna","Bologna","Agraria e Medicina veterinaria","Laurea Magistrale",2,"False","","","Italiano","libero accesso con verifica dell'adeguatezza della preparazione"
8885,"Scienze della comunicazione","Lettere e Beni culturali",2017,0.49,0.45,0.1,0.9,0.85,0.48,0.44,0.42,0.41,"2016/2017","True","http://www.unibo.it/it/didattica/corsi-di-studio/corso/2016/8885","Bologna","Bologna","Lettere e Beni culturali","Laurea",3,"False","","","Italiano","libero accesso con verifica delle conoscenze"
8886,"Semiotica","Lettere e Beni culturali",2017,0.67,0.44,0.12,0.75,0.85,0.64,0.54,0.24,0.17,"2016/2017","True","http://www.unibo.it/it/didattica/corsi-di-studio/corso/2016/8886","Bologna","Bologna","Lettere e Beni culturali","Laurea Magistrale",2,"False","","","Italiano","libero accesso con verifica dell'adeguatezza della preparazione"
8887,"Ingegneria chimica e biochimica","Ingegneria e Architettura",2017,0.57,0.34,0.02,0.8,0.89,0.14,0.17,0.84,0.81,"2016/2017","True","http://www.unibo.it/it/didattica/corsi-di-studio/corso/2016/8887","Bologna","Bologna","Ingegneria e Architettura","Laurea",3,"False","","","Italiano","numero chiuso"
8888,"Ingegneria civile","Ingegneria e Architettura",2017,0.39,0.3,0.01,0.88,0.86,0.22,0.16,0.78,0.82,"2016/2017","True","http://www.unibo.it/it/didattica/corsi-di-studio/corso/2016/8888","Bologna","Bologna","Ingegneria e Architettura","Laurea",3,"False","","","Italiano","numero chiuso"
8889,"Cooperazione internazionale, tutela dei diritti umani e dei beni etno-culturali","Scienze politiche",2017,0.67,0.51,0.1,0.77,0.81,0.53,0.51,0.13,0.18,"2016/2017","True","http://www.unibo.it/it/didattica/corsi-di-studio/corso/2016/8889","Ravenna","Ravenna","Scienze politiche","Laurea Magistrale",2,"False","","","Italiano","libero accesso con verifica dell'adeguatezza della preparazione"
8890,"Sviluppo e cooperazione internazionale","Scienze politiche",2017,0.66,0.56,0.1,0.76,0.79,0.32,0.33,0.54,0.54,"2016/2017","True","http://www.unibo.it/it/didattica/corsi-di-studio/corso/2016/8890","Bologna","Bologna","Scienze politiche","Laurea",3,"False","","","Italiano","libero accesso con verifica delle conoscenze"
8894,"Ingegneria per l'ambiente e il territorio","Ingegneria e Architettura",2017,0.66,0.66,0.19,0.82,0.89,0.4,0.49,0.28,0.15,"2016/2017","True","http://www.unibo.it/it/didattica/corsi-di-studio/corso/2016/8894","Bologna","Bologna","Ingegneria e Architettura","Laurea Magistrale",2,"True","Titolo multiplo","Erogato in lingua straniera (solo alcuni curricula)","Italiano Inglese","libero accesso con verifica dell'adeguatezza della preparazione"
8895,"Civil engineering","Ingegneria e Architettura",2017,0.74,0.74,0.29,0.93,0.9,0.76,0.55,0.12,0.13,"2016/2017","True","http://www.unibo.it/it/didattica/corsi-di-studio/corso/2016/8895","Bologna","Bologna","Ingegneria e Architettura","Laurea Magistrale",2,"True","Titolo multiplo","Erogato in lingua straniera","Inglese","libero accesso con verifica dell'adeguatezza della preparazione"
8896,"Ingegneria chimica e di processo","Ingegneria e Architettura",2017,0.75,0.66,0.18,0.95,0.9,0.66,0.58,0.09,0.17,"2016/2017","True","http://www.unibo.it/it/didattica/corsi-di-studio/corso/2016/8896","Bologna","Bologna","Ingegneria e Architettura","Laurea Magistrale",2,"True","Titolo multiplo (solo alcuni curricula)","Erogato in lingua straniera (solo alcuni curricula)","Italiano Inglese","libero accesso con verifica dell'adeguatezza della preparazione"
897,"Direzione aziendale","Economia, Management e Statistica",2017,0.46,0.83,0.23,0.94,0.92,0.65,0.59,0.15,0.16,"2016/2017","True","http://www.unibo.it/it/didattica/corsi-di-studio/corso/2016/0897","Bologna","Bologna","Economia, Management e Statistica","Laurea Magistrale",2,"True","","Erogato in lingua straniera (solo alcuni curricula)","Italiano Inglese","numero chiuso"
899,"Economia e diritto","Economia, Management e Statistica",2017,0.63,0.69,0.05,0.89,0.89,0.71,0.52,0.12,0.16,"2016/2017","True","http://www.unibo.it/it/didattica/corsi-di-studio/corso/2016/0899","Bologna","Bologna","Economia, Management e Statistica","Laurea Magistrale",2,"False","","","Italiano","numero chiuso"
900,"Economia e professione","Economia, Management e Statistica",2017,0.44,0.9,0.07,0.93,0.92,0.6,0.59,0.3,0.16,"2016/2017","True","http://www.unibo.it/it/didattica/corsi-di-studio/corso/2016/0900","Bologna","Bologna","Economia, Management e Statistica","Laurea Magistrale",2,"False","","","Italiano","numero chiuso"
901,"Finanza, intermediari e mercati","Economia, Management e Statistica",2017,0.72,0.85,0.09,0.83,0.88,0.78,0.69,0,0.1,"2016/2017","True","http://www.unibo.it/it/didattica/corsi-di-studio/corso/2016/0901","Bologna","Bologna","Economia, Management e Statistica","Laurea Magistrale",2,"False","","","Italiano","numero chiuso"
902,"Innovation and organization of culture and the arts","Economia, Management e Statistica",2017,0.84,0.89,0.41,0.95,0.86,0.47,0.5,0,0.09,"2016/2017","True","http://www.unibo.it/it/didattica/corsi-di-studio/corso/2016/0902","Bologna","Bologna","Economia, Management e Statistica","Laurea Magistrale",2,"True","Titolo multiplo","Erogato in lingua straniera","Inglese","numero chiuso"
9021,"Advanced design","Ingegneria e Architettura",2017,0.5,NA,NA,NA,0.82,NA,0.61,NA,0.08,"2016/2017","True","http://www.unibo.it/it/didattica/corsi-di-studio/corso/2016/9021","Bologna","Bologna","Ingegneria e Architettura","Laurea Magistrale",2,"False","","","Italiano","numero chiuso"
9022,"Fashion culture and management","Lettere e Beni culturali",2017,0.74,0.87,NA,0.84,0.87,0.68,0.48,0.05,0.14,"2016/2017","True","http://www.unibo.it/it/didattica/corsi-di-studio/corso/2016/9022","Rimini","Rimini","Lettere e Beni culturali","Laurea Magistrale",2,"True","","Erogato in lingua straniera","Inglese","libero accesso con verifica dell'adeguatezza della preparazione"
905,"Economia e commercio","Economia, Management e Statistica",2017,0.39,0.7,0.06,0.94,0.92,0.59,0.59,0.25,0.16,"2016/2017","True","http://www.unibo.it/it/didattica/corsi-di-studio/corso/2016/0905","Forlì","Forlì","Economia, Management e Statistica","Laurea Magistrale",2,"True","Titolo multiplo","","Italiano","libero accesso con verifica dell'adeguatezza della preparazione"
915,"Consulente del lavoro e delle relazioni aziendali","Giurisprudenza",2017,0.43,0.23,0.01,0.89,0.89,0.5,0.51,0.28,0.3,"2016/2017","True","http://www.unibo.it/it/didattica/corsi-di-studio/corso/2016/0915","Bologna","Bologna","Giurisprudenza","Laurea",3,"False","","","Italiano","libero accesso con verifica delle conoscenze"
916,"Giurista d'impresa e delle amministrazioni pubbliche","Giurisprudenza",2017,0.2,0.38,NA,0.91,0.89,0.67,0.51,0.18,0.3,"2016/2017","True","http://www.unibo.it/it/didattica/corsi-di-studio/corso/2016/0916","Ravenna","Ravenna","Giurisprudenza","Laurea",3,"False","","","Italiano","libero accesso con verifica delle conoscenze"
9174,"Specialized translation","Lingue e Letterature, Traduzione e Interpretazione",2017,0.75,0.84,0.34,0.94,0.86,0.7,0.66,0.09,0.1,"2016/2017","True","http://www.unibo.it/it/didattica/corsi-di-studio/corso/2016/9174","Forlì","Forlì","Lingue e Letterature, Traduzione e Interpretazione","Laurea Magistrale",2,"True","Titolo multiplo","Erogato in lingua straniera","Inglese","numero chiuso"
918,"Ingegneria chimica e biochimica","Ingegneria e Architettura",2017,0.57,0.34,0.02,0.8,0.89,0.14,0.17,0.84,0.81,"2016/2017","False","http://www.unibo.it/it/didattica/corsi-di-studio/corso/2016/0918","Bologna","Bologna","Ingegneria e Architettura","Laurea",3,"False","","","Italiano","numero chiuso"
919,"Ingegneria civile","Ingegneria e Architettura",2017,0.39,0.3,0.01,0.88,0.86,0.22,0.16,0.78,0.82,"2016/2017","False","http://www.unibo.it/it/didattica/corsi-di-studio/corso/2016/0919","Bologna","Bologna","Ingegneria e Architettura","Laurea",3,"False","","","Italiano","numero chiuso"
9198,"Ingegneria per l'ambiente e il territorio","Ingegneria e Architettura",2017,0.42,0.3,0.04,0.85,0.86,0.13,0.16,0.88,0.82,"2016/2017","True","http://www.unibo.it/it/didattica/corsi-di-studio/corso/2016/9198","Bologna","Bologna","Ingegneria e Architettura","Laurea",3,"False","","","Italiano","numero chiuso"
9199,"Ingegneria edile","Ingegneria e Architettura",2017,0.21,0.13,NA,0.9,0.84,0.15,0.21,0.82,0.74,"2016/2017","True","http://www.unibo.it/it/didattica/corsi-di-studio/corso/2016/9199","Ravenna","Ravenna","Ingegneria e Architettura","Laurea",3,"False","","","Italiano","numero chiuso"
920,"Ingegneria dell'automazione","Ingegneria e Architettura",2017,0.36,0.25,0.37,0.92,0.89,0.24,0.23,0.76,0.76,"2016/2017","True","http://www.unibo.it/it/didattica/corsi-di-studio/corso/2016/0920","Bologna","Bologna","Ingegneria e Architettura","Laurea",3,"True","Titolo multiplo (solo alcuni curricula)","","Italiano","numero chiuso"
9200,"Sviluppo locale e globale","Scienze politiche",2017,0.78,0.67,0.32,0.7,0.81,0.65,0.51,0.13,0.18,"2016/2017","True","http://www.unibo.it/it/didattica/corsi-di-studio/corso/2016/9200","Bologna","Bologna","Scienze politiche","Laurea Magistrale",2,"False","","","Italiano","libero accesso con verifica dell'adeguatezza della preparazione"
9202,"Economia e commercio","Economia, Management e Statistica",2017,0.17,0.52,0.09,0.94,0.88,0.41,0.3,0.5,0.62,"2016/2017","True","http://www.unibo.it/it/didattica/corsi-di-studio/corso/2016/9202","Forlì","Forlì","Economia, Management e Statistica","Laurea",3,"True","","Erogato in lingua straniera (solo alcuni curricula)","Italiano Inglese","numero chiuso"
9203,"Economia e management","Economia, Management e Statistica",2017,0.34,0.73,0.14,0.9,0.92,0.72,0.59,0.09,0.16,"2016/2017","True","http://www.unibo.it/it/didattica/corsi-di-studio/corso/2016/9203","Forlì","Forlì","Economia, Management e Statistica","Laurea Magistrale",2,"True","Titolo multiplo","Erogato in lingua straniera (solo alcuni curricula)","Italiano Inglese","numero chiuso"
9205,"Telecommunications engineering","Ingegneria e Architettura",2017,0.77,0.27,0.27,0.96,0.92,0.64,0.71,0.18,0.2,"2016/2017","True","http://www.unibo.it/it/didattica/corsi-di-studio/corso/2016/9205","Bologna","Bologna","Ingegneria e Architettura","Laurea Magistrale",2,"True","Titolo multiplo","Erogato in lingua straniera","Inglese","libero accesso con verifica dell'adeguatezza della preparazione"
9206,"Pedagogia","Psicologia e Scienze della Formazione",2017,0.38,0.37,0.03,0.85,0.9,0.81,0.67,0.06,0.09,"2016/2017","True","http://www.unibo.it/it/didattica/corsi-di-studio/corso/2016/9206","Bologna","Bologna","Psicologia e Scienze della Formazione","Laurea Magistrale",2,"False","","","Italiano","numero chiuso"
921,"Ingegneria edile","Ingegneria e Architettura",2017,0.21,0.13,NA,0.9,0.84,0.15,0.21,0.82,0.74,"2016/2017","False","http://www.unibo.it/it/didattica/corsi-di-studio/corso/2016/0921","Ravenna","Ravenna","Ingegneria e Architettura","Laurea",3,"False","","","Italiano","numero chiuso"
923,"Ingegneria elettronica e telecomunicazioni","Ingegneria e Architettura",2017,0.44,0.18,NA,0.95,0.89,0.09,0.23,0.91,0.76,"2016/2017","True","http://www.unibo.it/it/didattica/corsi-di-studio/corso/2016/0923","Bologna","Bologna","Ingegneria e Architettura","Laurea",3,"False","","","Italiano","numero chiuso"
924,"Ingegneria energetica","Ingegneria e Architettura",2017,0.44,0.36,0.02,0.83,0.89,0.16,0.17,0.81,0.81,"2016/2017","True","http://www.unibo.it/it/didattica/corsi-di-studio/corso/2016/0924","Bologna","Bologna","Ingegneria e Architettura","Laurea",3,"False","","","Italiano","numero chiuso"
925,"Ingegneria gestionale","Ingegneria e Architettura",2017,0.35,0.56,0.18,0.93,0.89,0.25,0.17,0.72,0.81,"2016/2017","True","http://www.unibo.it/it/didattica/corsi-di-studio/corso/2016/0925","Bologna","Bologna","Ingegneria e Architettura","Laurea",3,"False","","","Italiano","numero chiuso"
926,"Ingegneria informatica","Ingegneria e Architettura",2017,0.44,0.28,0.04,0.94,0.89,0.31,0.23,0.65,0.76,"2016/2017","True","http://www.unibo.it/it/didattica/corsi-di-studio/corso/2016/0926","Bologna","Bologna","Ingegneria e Architettura","Laurea",3,"False","","","Italiano","numero chiuso"
927,"Ingegneria meccanica","Ingegneria e Architettura",2017,0.35,0.41,0.01,0.85,0.89,0.19,0.17,0.81,0.81,"2016/2017","True","http://www.unibo.it/it/didattica/corsi-di-studio/corso/2016/0927","Bologna","Bologna","Ingegneria e Architettura","Laurea",3,"False","","","Italiano","numero chiuso"
928,"Ingegneria per l'ambiente e il territorio","Ingegneria e Architettura",2017,0.42,0.3,0.04,0.85,0.86,0.13,0.16,0.88,0.82,"2016/2017","False","http://www.unibo.it/it/didattica/corsi-di-studio/corso/2016/0928","Bologna","Bologna","Ingegneria e Architettura","Laurea",3,"False","","","Italiano","numero chiuso"
930,"Ingegneria civile","Ingegneria e Architettura",2017,0.53,0.43,0.03,0.92,0.9,0.67,0.55,0.1,0.13,"2016/2017","True","http://www.unibo.it/it/didattica/corsi-di-studio/corso/2016/0930","Bologna","Bologna","Ingegneria e Architettura","Laurea Magistrale",2,"False","","","Italiano","libero accesso con verifica dell'adeguatezza della preparazione"
934,"Ingegneria elettronica","Ingegneria e Architettura",2017,0.58,0.26,0.04,0.93,0.94,0.81,0.68,0.15,0.21,"2016/2017","True","http://www.unibo.it/it/didattica/corsi-di-studio/corso/2016/0934","Bologna","Bologna","Ingegneria e Architettura","Laurea Magistrale",2,"True","","Erogato in lingua straniera (solo alcuni curricula)","Italiano Inglese","libero accesso con verifica dell'adeguatezza della preparazione"
935,"Ingegneria energetica","Ingegneria e Architettura",2017,0.62,0.38,0.11,0.85,0.85,0.64,0.6,0.2,0.19,"2016/2017","True","http://www.unibo.it/it/didattica/corsi-di-studio/corso/2016/0935","Bologna","Bologna","Ingegneria e Architettura","Laurea Magistrale",2,"False","","","Italiano","libero accesso con verifica dell'adeguatezza della preparazione"
936,"Ingegneria gestionale","Ingegneria e Architettura",2017,0.54,0.72,0.14,0.95,0.95,0.83,0.82,0.09,0.07,"2016/2017","True","http://www.unibo.it/it/didattica/corsi-di-studio/corso/2016/0936","Bologna","Bologna","Ingegneria e Architettura","Laurea Magistrale",2,"False","","","Italiano","libero accesso con verifica dell'adeguatezza della preparazione"
937,"Ingegneria informatica","Ingegneria e Architettura",2017,0.52,0.61,0.13,0.93,0.94,0.88,0.81,0.06,0.14,"2016/2017","True","http://www.unibo.it/it/didattica/corsi-di-studio/corso/2016/0937","Bologna","Bologna","Ingegneria e Architettura","Laurea Magistrale",2,"False","","","Italiano","libero accesso con verifica dell'adeguatezza della preparazione"
938,"Ingegneria meccanica","Ingegneria e Architettura",2017,0.61,0.47,0.11,0.92,0.92,0.84,0.77,0.11,0.1,"2016/2017","True","http://www.unibo.it/it/didattica/corsi-di-studio/corso/2016/0938","Bologna","Bologna","Ingegneria e Architettura","Laurea Magistrale",2,"True","Titolo multiplo","","Italiano","libero accesso con verifica dell'adeguatezza della preparazione"
940,"Ingegneria edile - architettura","Ingegneria e Architettura",2017,0.58,0.1,0.37,0.81,0.83,0.69,0.44,0.12,0.17,"2016/2017","True","http://www.unibo.it/it/didattica/corsi-di-studio/corso/2016/0940","Bologna","Bologna","Ingegneria e Architettura","Laurea Magistrale a ciclo unico",5,"False","","","Italiano","numero chiuso"
946,"Ingegneria biomedica","Ingegneria e Architettura",2017,0.3,0.47,0.04,0.9,0.89,0.1,0.23,0.82,0.76,"2016/2017","True","http://www.unibo.it/it/didattica/corsi-di-studio/corso/2016/0946","Cesena","Cesena","Ingegneria e Architettura","Laurea",3,"False","","","Italiano","numero chiuso"
949,"Ingegneria meccanica","Ingegneria e Architettura",2017,0.1,0.16,NA,0.96,0.89,0.3,0.17,0.7,0.81,"2016/2017","True","http://www.unibo.it/it/didattica/corsi-di-studio/corso/2016/0949","Forlì","Forlì","Ingegneria e Architettura","Laurea",3,"False","","","Italiano","numero chiuso"
956,"Dams - discipline delle arti, della musica  e dello spettacolo","Lettere e Beni culturali",2017,0.75,0.35,0.06,0.85,0.83,0.36,0.39,0.48,0.4,"2016/2017","True","http://www.unibo.it/it/didattica/corsi-di-studio/corso/2016/0956","Bologna","Bologna","Lettere e Beni culturali","Laurea",3,"False","","","Italiano","libero accesso con verifica delle conoscenze"
957,"Filosofia","Lettere e Beni culturali",2017,0.59,0.57,0.11,0.83,0.89,0.27,0.25,0.63,0.69,"2016/2017","True","http://www.unibo.it/it/didattica/corsi-di-studio/corso/2016/0957","Bologna","Bologna","Lettere e Beni culturali","Laurea",3,"True","Titolo multiplo","","Italiano","libero accesso con verifica delle conoscenze"
962,"Storia","Lettere e Beni culturali",2017,0.47,0.45,0.11,0.91,0.89,0.31,0.32,0.64,0.6,"2016/2017","True","http://www.unibo.it/it/didattica/corsi-di-studio/corso/2016/0962","Bologna","Bologna","Lettere e Beni culturali","Laurea",3,"True","Titolo multiplo","","Italiano","libero accesso con verifica delle conoscenze"
964,"Antropologia culturale ed etnologia","Lettere e Beni culturali",2017,0.64,0.44,0.17,0.86,0.88,0.55,0.53,0.21,0.18,"2016/2017","True","http://www.unibo.it/it/didattica/corsi-di-studio/corso/2016/0964","Bologna","Bologna","Lettere e Beni culturali","Laurea Magistrale",2,"False","","","Italiano","libero accesso con verifica dell'adeguatezza della preparazione"
966,"Cinema, televisione e produzione multimediale","Lettere e Beni culturali",2017,0.87,0.45,0.06,0.86,0.87,0.38,0.48,0.25,0.14,"2016/2017","True","http://www.unibo.it/it/didattica/corsi-di-studio/corso/2016/0966","Bologna","Bologna","Lettere e Beni culturali","Laurea Magistrale",2,"False","","","Italiano","libero accesso con verifica dell'adeguatezza della preparazione"
970,"Filologia, letteratura e tradizione classica","Lettere e Beni culturali",2017,0.74,0.57,0.17,1,0.93,0.56,0.45,0.25,0.2,"2016/2017","True","http://www.unibo.it/it/didattica/corsi-di-studio/corso/2016/0970","Bologna","Bologna","Lettere e Beni culturali","Laurea Magistrale",2,"False","","","Italiano","libero accesso con verifica dell'adeguatezza della preparazione"
971,"Geografia e processi territoriali","Lettere e Beni culturali",2017,0.62,0.57,0.07,0.73,0.86,0.43,0.59,0.07,0.1,"2016/2017","True","http://www.unibo.it/it/didattica/corsi-di-studio/corso/2016/0971","Bologna","Bologna","Lettere e Beni culturali","Laurea Magistrale",2,"False","","","Italiano","libero accesso con verifica dell'adeguatezza della preparazione"
973,"Italianistica, culture letterarie europee, scienze linguistiche","Lettere e Beni culturali",2017,0.69,0.61,0.12,0.92,0.9,0.5,0.49,0.21,0.16,"2016/2017","True","http://www.unibo.it/it/didattica/corsi-di-studio/corso/2016/0973","Bologna","Bologna","Lettere e Beni culturali","Laurea Magistrale",2,"True","Titolo multiplo (solo alcuni curricula)","","Italiano","libero accesso con verifica dell'adeguatezza della preparazione"
977,"Arti visive","Lettere e Beni culturali",2017,0.71,0.49,0.03,0.86,0.89,0.44,0.46,0.2,0.15,"2016/2017","True","http://www.unibo.it/it/didattica/corsi-di-studio/corso/2016/0977","Bologna","Bologna","Lettere e Beni culturali","Laurea Magistrale",2,"True","Titolo multiplo","","Italiano","libero accesso con verifica dell'adeguatezza della preparazione"
979,"Lingue e letterature straniere","Lingue e Letterature, Traduzione e Interpretazione",2017,0.46,0.4,0.43,0.84,0.82,0.44,0.36,0.48,0.52,"2016/2017","True","http://www.unibo.it/it/didattica/corsi-di-studio/corso/2016/0979","Bologna","Bologna","Lingue e Letterature, Traduzione e Interpretazione","Laurea",3,"True","Titolo multiplo (solo alcuni curricula)","","Italiano","numero chiuso"
980,"Lingue, mercati e culture dell'asia","Lingue e Letterature, Traduzione e Interpretazione",2017,0.51,0.46,0.39,0.75,0.82,0.36,0.36,0.48,0.52,"2016/2017","True","http://www.unibo.it/it/didattica/corsi-di-studio/corso/2016/0980","Bologna","Bologna","Lingue e Letterature, Traduzione e Interpretazione","Laurea",3,"False","","","Italiano","numero chiuso"
981,"Letterature moderne, comparate e postcoloniali","Lingue e Letterature, Traduzione e Interpretazione",2017,0.74,0.68,0.56,0.91,0.9,0.56,0.56,0.13,0.1,"2016/2017","True","http://www.unibo.it/it/didattica/corsi-di-studio/corso/2016/0981","Bologna","Bologna","Lingue e Letterature, Traduzione e Interpretazione","Laurea Magistrale",2,"True","Titolo multiplo","","Italiano","libero accesso con verifica dell'adeguatezza della preparazione"
982,"Lingua, societa' e comunicazione","Lingue e Letterature, Traduzione e Interpretazione",2017,0.73,0.69,0.24,0.68,0.83,0.6,0.58,0.1,0.12,"2016/2017","False","http://www.unibo.it/it/didattica/corsi-di-studio/corso/2016/0982","Bologna","Bologna","Lingue e Letterature, Traduzione e Interpretazione","Laurea Magistrale",2,"True","Titolo multiplo","","Italiano","libero accesso con verifica dell'adeguatezza della preparazione"
983,"Lingua e cultura italiane per stranieri","Lingue e Letterature, Traduzione e Interpretazione",2017,0.78,0.47,0.26,0.8,0.88,0.76,0.61,0.07,0.18,"2016/2017","True","http://www.unibo.it/it/didattica/corsi-di-studio/corso/2016/0983","Bologna","Bologna","Lingue e Letterature, Traduzione e Interpretazione","Laurea Magistrale",2,"True","Titolo multiplo","","Italiano","libero accesso con verifica dell'adeguatezza della preparazione"
989,"Neuroscienze e riabilitazione neuropsicologica","Psicologia e Scienze della Formazione",2017,0.65,0.79,0.02,0.96,0.91,0.27,0.39,0.47,0.32,"2016/2017","True","http://www.unibo.it/it/didattica/corsi-di-studio/corso/2016/0989","Cesena","Cesena","Psicologia e Scienze della Formazione","Laurea Magistrale",2,"False","","","Italiano","libero accesso con verifica dell'adeguatezza della preparazione"
990,"Psicologia clinica","Psicologia e Scienze della Formazione",2017,0.64,0.78,0.07,0.91,0.91,0.48,0.39,0.29,0.32,"2016/2017","True","http://www.unibo.it/it/didattica/corsi-di-studio/corso/2016/0990","Cesena","Cesena","Psicologia e Scienze della Formazione","Laurea Magistrale",2,"True","Titolo multiplo","","Italiano","libero accesso con verifica dell'adeguatezza della preparazione"
991,"Psicologia cognitiva applicata","Psicologia e Scienze della Formazione",2017,0.52,0.83,0.07,0.86,0.91,0.47,0.39,0.39,0.32,"2016/2017","True","http://www.unibo.it/it/didattica/corsi-di-studio/corso/2016/0991","Cesena","Bologna","Psicologia e Scienze della Formazione","Laurea Magistrale",2,"False","","","Italiano","libero accesso con verifica dell'adeguatezza della preparazione"
992,"Psicologia delle organizzazioni e dei servizi","Psicologia e Scienze della Formazione",2017,0.54,0.94,0.26,0.83,0.91,0.53,0.39,0.11,0.32,"2016/2017","True","http://www.unibo.it/it/didattica/corsi-di-studio/corso/2016/0992","Cesena","Cesena","Psicologia e Scienze della Formazione","Laurea Magistrale",2,"True","Titolo multiplo","","Italiano","libero accesso con verifica dell'adeguatezza della preparazione"
993,"Psicologia scolastica e di comunita'","Psicologia e Scienze della Formazione",2017,0.69,0.93,0.15,0.98,0.91,0.6,0.39,0.31,0.32,"2016/2017","True","http://www.unibo.it/it/didattica/corsi-di-studio/corso/2016/0993","Cesena","Cesena","Psicologia e Scienze della Formazione","Laurea Magistrale",2,"True","Titolo multiplo","","Italiano","libero accesso con verifica dell'adeguatezza della preparazione"
